frame,zone1,zone2,zone3,zone4,zone5,zone6
1,2,3,0,0,4,0
2,3,3,0,0,3,0
3,2,5,0,0,3,1
4,2,1,0,0,2,3
5,2,1,0,0,1,3
6,1,2,0,0,1,2
7,1,2,0,2,1,2
8,1,3,0,1,1,2
9,1,2,0,1,1,2
10,1,2,0,1,1,1
11,1,3,0,2,2,1
12,1,3,0,0,3,1
13,3,4,0,0,2,0
14,1,3,0,1,2,0
15,0,2,0,0,2,0
16,0,2,0,1,2,0
17,0,0,0,1,1,0
18,1,1,0,1,1,1
19,1,1,0,1,1,1
20,1,1,0,0,1,2
21,1,1,0,1,1,2
22,4,1,0,0,1,1
23,2,1,0,2,1,1
24,2,1,0,3,1,0
25,1,1,0,1,1,1
26,1,1,0,0,1,0
27,3,3,0,0,1,0
28,3,3,0,1,3,1
29,2,2,0,0,3,0
30,2,2,0,0,2,0
31,2,2,0,0,3,0
32,3,4,0,0,1,0
33,2,2,0,0,1,0
34,3,1,0,1,3,0
35,2,0,0,0,1,0
36,2,0,0,1,0,0
37,1,1,0,2,0,0
38,0,1,0,2,0,0
39,2,1,0,1,0,0
40,1,0,0,0,0,0
41,1,1,0,0,0,0
42,2,1,0,1,0,0
43,1,0,0,1,0,0
44,1,1,0,0,0,0
45,1,1,0,0,0,0
46,1,2,0,0,0,0
47,0,2,0,0,0,0
48,1,0,0,0,0,0
49,1,0,0,0,0,0
50,1,0,0,0,0,0
51,1,1,1,0,0,0
52,1,2,1,0,0,0
53,1,0,0,1,0,0
54,1,0,0,1,0,0
55,1,0,0,1,1,0
56,1,0,0,1,1,2
57,2,0,0,1,1,2
58,1,0,0,0,1,2
59,1,0,0,0,0,2
60,1,0,0,1,0,0
61,2,1,0,1,0,0
62,2,1,0,0,0,0
63,2,1,0,0,0,0
64,3,1,0,1,1,0
65,2,0,0,1,1,0
66,2,0,0,0,1,0
67,2,0,0,1,2,0
68,2,1,0,0,1,0
69,3,1,0,0,1,0
70,4,0,0,1,0,0
71,2,0,0,2,0,0
72,2,1,0,0,0,0
73,2,1,0,0,0,0
74,2,1,0,1,0,0
75,2,2,0,1,1,0
76,2,0,0,1,0,0
77,2,0,0,1,0,0
78,2,0,0,0,0,0
79,2,0,0,0,0,0
80,2,1,0,0,0,0
81,3,1,1,0,0,0
82,2,0,0,0,0,0
83,3,1,0,0,0,1
84,3,0,0,0,0,1
85,3,0,1,0,0,0
86,2,0,1,1,0,0
87,2,0,0,1,0,0
88,3,0,1,0,0,0
89,2,0,2,0,0,0
90,2,1,1,0,0,0
91,2,0,0,2,0,0
92,3,0,0,1,0,0
93,2,0,0,1,0,0
94,2,0,0,1,0,0
95,3,1,0,2,0,0
96,3,1,0,1,0,0
97,4,0,0,1,1,0
98,3,0,0,0,3,0
99,3,0,0,0,2,0
100,3,1,0,0,2,0
101,3,1,0,1,1,0
102,4,0,0,0,1,0
103,3,1,0,1,0,0
104,3,3,0,1,0,0
105,4,2,0,1,0,0
106,3,0,0,2,0,0
107,2,0,0,2,0,0
108,2,0,0,2,0,0
109,2,0,0,2,0,0
110,2,0,0,1,0,0
111,2,0,0,0,0,0
112,2,0,0,0,0,0
113,2,1,0,0,0,0
114,2,2,0,0,0,1
115,2,2,2,0,0,1
116,2,2,2,0,0,1
117,2,1,0,1,1,1
118,2,1,0,0,2,1
119,2,0,0,0,2,1
120,2,0,0,0,2,1
121,2,0,0,0,0,1
122,2,0,0,0,0,0
123,2,0,1,0,0,0
124,2,0,0,0,1,0
125,2,0,1,0,1,0
126,2,0,0,0,1,0
127,2,2,0,0,1,0
128,2,1,0,0,2,0
129,3,1,0,0,0,0
130,2,0,0,0,0,0
131,2,0,0,0,0,0
132,2,0,0,0,0,0
133,2,0,0,0,1,0
134,2,0,0,1,0,0
135,2,1,0,2,0,0
136,2,1,0,2,0,0
137,2,2,0,1,0,0
138,2,1,0,0,0,0
139,2,1,0,0,0,0
140,2,1,0,0,0,0
141,2,0,0,0,0,0
142,2,0,0,0,0,0
143,2,0,0,1,0,0
144,2,0,0,1,0,0
145,2,0,0,0,0,0
146,2,0,0,1,2,0
147,2,1,0,0,0,0
148,2,0,0,0,0,0
149,2,0,0,0,1,0
150,2,0,0,0,1,0
151,2,0,0,1,1,0
152,2,0,0,2,1,0
153,2,0,0,1,1,0
154,2,0,0,1,0,0
155,2,0,0,1,0,0
156,2,0,0,2,0,0
157,2,0,0,2,0,0
158,3,0,0,1,0,0
159,3,0,0,1,0,0
160,2,0,0,0,0,0
161,3,1,0,0,0,0
162,1,0,0,0,0,0
163,3,2,0,1,0,0
164,2,1,0,1,0,1
165,2,2,0,1,0,2
166,3,1,0,0,1,0
167,4,2,0,0,1,0
168,3,1,0,0,0,0
169,2,0,0,0,1,0
170,0,1,0,0,0,0
171,2,2,0,0,0,0
172,2,0,0,0,0,0
173,3,0,0,0,0,0
174,2,0,0,0,0,0
175,1,0,0,0,0,0
176,2,0,0,0,0,0
177,3,0,0,0,0,0
178,2,0,0,0,0,0
179,1,0,0,1,0,0
180,2,0,0,2,0,0
181,1,0,0,2,0,0
182,2,1,0,0,0,0
183,2,0,0,0,0,0
184,2,1,0,1,0,0
185,1,2,0,1,0,0
186,3,1,0,0,0,0
187,1,1,0,0,0,0
188,1,0,0,1,0,0
189,1,1,0,0,2,0
190,1,1,0,2,1,0
191,1,0,0,2,0,0
192,1,0,0,2,0,0
193,1,0,0,0,1,0
194,1,1,0,0,1,0
195,1,0,0,0,2,0
196,1,0,0,0,2,0
197,1,0,0,0,1,0
198,1,0,0,1,0,0
199,1,0,0,1,0,1
200,1,0,0,1,0,1
201,1,0,0,1,0,0
202,1,0,0,1,2,0
203,1,0,0,0,2,0
204,1,0,0,1,2,0
205,1,0,0,0,1,0
206,1,0,0,0,1,0
207,1,0,0,0,0,0
208,1,1,0,1,0,0
209,1,0,0,1,0,0
210,2,0,0,1,0,0
211,1,0,0,1,0,0
212,1,0,0,1,0,0
213,2,0,0,1,0,0
214,1,0,0,1,0,0
215,1,0,0,1,0,0
216,1,0,0,0,0,0
217,1,0,0,0,1,0
218,1,0,0,0,2,0
219,1,0,0,0,3,0
220,1,0,0,0,1,0
221,0,1,0,1,1,0
222,1,1,0,1,0,0
223,1,1,0,0,0,0
224,1,1,0,1,0,0
225,1,0,0,1,0,0
226,1,2,0,0,0,0
227,1,1,0,1,0,0
228,1,0,0,0,0,0
229,1,0,0,0,0,0
230,1,0,0,1,0,0
231,1,0,0,0,0,0
232,1,0,0,0,0,0
233,1,0,0,0,0,0
234,1,0,0,1,0,0
235,1,0,0,1,0,0
236,1,0,0,2,0,0
237,1,0,0,1,1,0
238,1,0,0,1,2,0
239,1,0,0,0,1,0
240,1,1,0,0,1,0
241,1,1,0,2,0,0
242,1,0,0,1,1,0
243,1,0,0,0,0,0
244,1,0,0,0,0,0
245,1,0,0,0,0,0
246,2,0,0,0,0,0
247,1,0,0,1,0,0
248,1,0,0,1,0,0
249,1,0,2,2,0,0
250,1,0,0,0,0,0
251,1,0,0,0,0,0
252,1,0,0,0,0,1
253,1,0,0,0,0,1
254,0,0,0,0,0,0
255,1,0,0,1,0,0
256,1,0,0,1,0,0
257,3,0,0,0,0,0
258,1,0,1,0,1,0
259,2,1,1,0,1,0
260,1,1,0,0,2,0
261,1,0,0,1,1,0
262,1,0,0,0,0,0
263,2,0,0,0,0,0
264,1,1,0,0,0,0
265,1,2,0,0,0,0
266,1,1,0,1,0,0
267,1,1,0,2,0,0
268,2,0,0,2,0,0
269,0,0,0,1,0,0
270,1,0,0,0,0,0
271,1,0,0,1,0,0
272,1,1,0,1,0,0
273,1,2,0,1,0,0
274,1,0,0,1,0,0
275,1,0,0,0,0,0
276,1,0,0,1,0,0
277,1,0,0,1,0,0
278,1,1,0,2,0,0
279,0,0,0,2,0,0
280,1,0,0,2,0,1
281,1,0,0,0,0,1
282,0,0,0,1,0,0
283,1,0,0,1,2,0
284,0,0,0,0,1,0
285,0,0,0,0,0,0
286,0,0,0,1,0,0
287,1,1,0,1,0,0
288,2,0,0,1,0,0
289,1,0,0,1,0,0
290,1,0,0,1,0,0
291,1,0,0,1,0,0
292,1,0,0,0,0,0
293,1,0,0,0,0,0
294,1,0,0,0,1,0
295,1,1,0,0,1,0
296,1,2,0,0,0,0
297,1,0,0,0,0,0
298,1,2,0,0,0,0
299,1,1,0,1,0,0
300,1,0,0,0,0,0
301,1,0,0,1,0,0
302,1,0,0,0,0,0
303,2,0,0,1,1,1
304,1,0,0,1,0,2
305,1,0,0,1,0,2
306,0,0,0,2,0,2
307,1,0,0,2,0,2
308,0,0,0,1,0,1
309,1,0,0,0,0,0
310,4,0,0,0,0,0
311,1,0,0,0,0,0
312,1,0,0,0,0,0
313,1,0,2,0,0,0
314,1,0,0,1,0,0
315,1,0,0,1,0,0
316,1,0,0,1,0,0
317,1,0,0,1,0,0
318,1,0,0,0,0,0
319,1,1,0,0,0,0
320,1,1,0,0,0,0
321,1,0,0,0,0,0
322,2,0,0,0,0,0
323,1,0,0,1,0,0
324,2,0,0,0,0,0
325,1,0,0,0,0,0
326,1,0,0,0,0,0
327,1,0,0,1,0,0
328,1,0,0,1,0,0
329,1,0,0,1,0,0
330,1,0,0,0,0,0
331,1,0,0,1,0,0
332,1,0,0,1,1,0
333,1,0,0,0,1,0
334,1,0,1,1,0,0
335,1,0,0,0,1,0
336,1,0,0,0,3,0
337,1,0,0,0,1,0
338,1,0,0,0,2,0
339,1,0,0,1,0,0
340,1,1,0,1,0,0
341,0,0,0,2,1,0
342,0,1,0,3,1,0
343,0,0,0,1,1,0
344,1,0,0,0,1,0
345,0,0,0,0,2,0
346,0,0,0,0,2,0
347,0,0,0,0,0,0
348,1,2,0,0,0,0
349,0,1,0,0,0,0
350,0,1,0,2,0,0
351,1,0,0,1,0,0
352,3,0,0,0,0,0
353,3,0,0,0,0,0
354,3,0,0,0,1,1
355,4,0,0,3,1,0
356,3,0,0,3,0,0
357,2,0,0,1,1,0
358,2,2,0,0,1,0
359,2,2,0,0,1,0
360,1,4,0,0,1,0
361,1,1,0,0,0,0
362,2,2,0,0,0,0
363,1,2,0,1,0,0
364,1,2,0,1,0,0
365,1,3,0,1,0,0
366,1,4,0,1,0,0
367,2,1,0,3,0,0
368,3,1,0,2,0,1
369,1,2,0,0,0,2
370,1,2,0,1,0,0
371,1,3,0,1,0,1
372,0,2,0,1,0,1
373,0,2,0,1,0,0
374,1,1,0,1,0,0
375,1,2,0,1,0,0
376,1,2,0,1,0,0
377,1,4,0,0,0,0
378,0,4,0,1,0,0
379,1,2,0,1,0,0
380,5,2,0,1,0,0
381,2,1,0,1,0,0
382,1,5,0,0,0,0
383,1,3,0,1,1,0
384,1,3,0,1,0,3
385,2,3,0,1,0,2
386,1,1,0,1,1,1
387,1,5,0,1,2,0
388,1,4,0,1,2,0
389,1,2,0,0,2,0
390,2,3,0,1,1,0
391,2,4,0,1,1,0
392,2,3,0,0,1,0
393,2,2,0,1,1,0
394,2,1,0,0,1,0
395,2,2,0,1,1,0
396,3,1,0,0,1,0
397,3,1,0,1,1,0
398,3,1,0,2,1,0
399,2,4,0,2,1,0
400,3,1,0,1,1,0
401,2,2,0,2,2,0
402,2,1,0,0,1,0
403,1,2,0,0,1,0
404,1,3,0,0,1,1
405,1,3,0,2,1,1
406,1,4,0,2,1,0
407,1,4,0,2,1,0
408,1,6,0,0,1,0
409,1,2,0,1,1,0
410,1,0,0,0,1,0
411,1,2,0,0,1,0
412,2,2,0,0,1,0
413,1,3,0,1,1,0
414,1,3,0,0,1,1
415,2,3,0,1,1,1
416,4,3,0,2,1,0
417,2,1,0,0,1,0
418,1,2,0,2,1,0
419,1,3,0,2,1,0
420,2,2,0,2,1,0
421,1,4,0,1,1,0
422,1,4,0,1,1,0
423,2,1,0,1,1,0
424,1,2,0,0,2,0
425,1,1,0,1,2,0
426,1,1,0,2,1,0
427,1,2,0,1,2,0
428,2,0,0,0,1,0
429,2,2,0,0,1,0
430,2,5,0,2,1,0
431,1,4,0,1,2,0
432,2,4,0,0,2,1
433,2,5,0,1,2,1
434,2,3,0,2,1,1
435,3,4,0,1,0,0
436,4,2,0,0,1,0
437,3,2,0,0,2,0
438,2,1,0,1,1,0
439,2,3,0,0,1,2
440,2,2,0,0,1,1
441,2,3,0,0,0,0
442,2,2,0,1,1,1
443,3,2,0,1,2,2
444,2,2,0,2,2,1
445,2,3,0,1,3,1
446,2,3,0,1,2,0
447,2,2,0,0,2,0
448,2,2,0,2,1,0
449,2,2,0,1,2,1
450,2,0,0,0,2,1
451,2,2,0,0,1,1
452,2,1,0,0,0,1
453,2,2,0,0,0,0
454,2,0,0,0,0,0
455,2,4,0,1,0,0
456,2,1,0,1,1,0
457,2,1,0,0,1,0
458,2,1,0,0,2,0
459,2,2,1,0,1,0
460,2,4,0,0,1,0
461,2,0,0,0,0,0
462,2,1,0,1,1,0
463,2,1,0,0,1,0
464,2,1,0,0,1,2
465,3,2,0,0,1,2
466,3,1,0,1,2,2
467,3,2,0,1,2,1
468,3,2,0,1,2,0
469,5,2,1,1,2,0
470,4,3,0,1,1,1
471,3,3,0,2,1,1
472,5,2,0,1,0,1
473,3,4,0,2,0,2
474,3,2,0,1,0,2
475,3,3,0,1,0,0
476,3,2,0,1,0,0
477,2,2,0,0,0,1
478,3,1,0,0,0,0
479,3,1,0,0,1,0
480,3,3,0,0,1,0
481,3,5,0,0,0,0
482,2,4,0,0,1,0
483,3,3,0,1,2,0
484,2,3,0,1,1,0
485,2,3,1,0,1,0
486,2,3,0,0,1,0
487,2,3,0,0,1,0
488,2,2,0,0,0,0
489,2,2,0,0,0,0
490,3,3,0,0,0,0
491,4,4,0,0,0,1
492,3,2,0,0,0,1
493,3,1,0,0,0,0
494,3,4,1,0,0,0
495,2,2,0,0,0,0
496,4,3,0,0,0,0
497,2,3,0,0,0,0
498,1,3,0,0,0,0
499,2,3,0,1,0,0
500,1,3,1,1,0,0
501,1,3,0,1,0,0
502,1,2,0,1,0,0
503,1,3,1,1,0,0
504,2,5,0,1,0,0
505,2,4,0,0,0,0
506,2,4,0,0,0,0
507,3,3,0,0,0,1
508,2,3,0,0,0,1
509,2,3,0,0,0,2
510,1,1,0,0,0,2
511,1,3,0,0,0,1
512,1,2,0,1,0,0
513,3,2,0,1,0,0
514,3,3,0,0,1,0
515,3,3,0,1,1,0
516,2,1,0,1,1,1
517,3,2,0,1,1,2
518,2,4,0,1,1,1
519,1,3,0,1,1,0
520,1,3,0,1,0,0
521,1,3,0,0,0,0
522,1,2,0,0,0,0
523,2,3,0,0,0,0
524,1,4,0,0,1,0
525,1,2,0,2,0,0
526,1,4,0,1,0,0
527,1,3,0,0,0,0
528,0,3,0,1,0,0
529,0,4,0,2,0,0
530,1,4,0,1,0,0
531,1,5,0,1,0,0
532,1,3,0,0,0,0
533,2,4,1,0,0,0
534,2,5,0,1,0,0
535,2,3,0,0,0,0
536,1,4,0,0,0,0
537,1,4,0,0,0,0
538,2,5,0,1,0,0
539,1,2,0,1,1,0
540,2,2,0,1,1,0
541,3,4,0,1,1,0
542,1,2,0,0,1,0
543,1,4,1,0,1,0
544,1,4,0,0,1,0
545,1,4,0,0,0,0
546,1,4,0,1,0,0
547,1,3,0,0,0,0
548,1,4,0,1,0,0
549,1,4,0,0,0,0
550,1,4,0,0,0,0
551,1,3,0,0,0,0
552,1,3,0,0,0,0
553,1,4,0,1,0,0
554,1,4,0,1,0,0
555,1,5,0,1,0,0
556,1,2,0,0,0,0
557,3,4,0,1,0,0
558,2,3,0,0,0,0
559,2,3,0,0,0,0
560,2,5,0,0,0,0
561,2,3,0,0,0,0
562,2,5,0,0,0,0
563,1,4,0,0,0,0
564,2,3,0,0,0,0
565,3,3,0,0,2,0
566,2,5,0,0,0,0
567,2,4,0,0,1,0
568,2,4,0,3,0,0
569,2,2,0,0,1,0
570,2,4,0,0,1,0
571,1,4,0,0,0,0
572,1,4,0,1,0,0
573,1,4,0,1,0,0
574,1,4,0,0,0,0
575,1,4,0,0,0,0
576,1,4,0,0,1,1
577,2,5,0,0,1,1
578,2,4,0,0,1,1
579,2,5,0,0,1,1
580,1,4,0,0,4,0
581,2,3,0,0,1,0
582,1,4,0,0,0,0
583,1,4,0,0,0,0
584,1,2,0,0,0,0
585,1,3,0,2,0,0
586,1,5,0,1,0,0
587,1,1,0,1,0,0
588,1,2,0,1,0,0
589,1,4,0,2,0,0
590,1,5,0,1,0,0
591,1,4,0,1,0,0
592,1,4,0,1,0,0
593,1,4,0,1,0,0
594,1,5,0,0,0,0
595,1,4,0,0,0,0
596,1,4,0,1,0,0
597,1,3,0,0,0,0
598,2,2,0,0,0,1
599,1,2,0,0,0,1
600,1,2,0,1,0,0
601,1,3,0,1,0,0
602,1,1,0,0,0,2
603,2,4,0,0,0,0
604,1,4,0,0,0,0
605,1,3,0,1,1,0
606,1,4,0,0,0,0
607,2,3,0,0,0,0
608,1,3,0,0,0,0
609,1,1,0,1,0,1
610,1,3,0,0,0,1
611,1,4,0,0,0,2
612,1,3,0,1,0,2
613,1,2,0,1,0,1
614,2,2,0,0,0,1
615,2,4,0,0,0,1
616,2,3,0,0,0,3
617,3,3,0,0,0,2
618,2,3,0,0,0,2
619,3,3,0,1,0,2
620,3,2,0,2,0,0
621,2,1,0,2,0,0
622,2,4,0,1,0,0
623,2,2,0,1,0,0
624,3,0,0,1,0,0
625,3,1,0,1,0,0
626,3,1,0,0,0,0
627,3,1,0,1,0,0
628,3,0,0,0,0,1
629,3,1,0,0,0,1
630,3,1,0,0,0,1
631,2,1,0,0,1,2
632,4,1,0,0,1,1
633,5,1,0,0,2,2
634,4,0,0,0,1,1
635,4,0,0,0,1,1
636,4,3,0,0,1,1
637,3,1,0,1,1,1
638,1,2,0,1,1,1
639,3,2,0,1,1,1
640,3,1,0,1,1,2
641,3,1,0,0,1,0
642,3,3,0,0,1,0
643,3,2,0,0,1,0
644,4,0,0,0,2,0
645,3,2,0,0,2,0
646,3,0,0,1,1,0
647,5,0,0,3,1,0
648,3,1,0,1,1,0
649,5,1,0,1,1,0
650,3,2,0,0,0,0
651,4,1,0,1,1,0
652,4,1,0,1,1,0
653,4,2,0,1,1,0
654,4,2,0,1,1,0
655,3,1,0,0,1,0
656,5,1,0,1,0,0
657,5,2,0,2,0,0
658,5,1,0,2,0,0
659,5,1,0,2,0,0
660,4,1,0,1,0,0
661,3,1,0,1,0,0
662,5,2,0,0,0,0
663,3,2,0,0,0,0
664,4,1,0,0,0,0
665,3,2,0,1,0,0
666,3,2,0,1,0,2
667,2,2,0,1,0,3
668,2,2,0,1,0,1
669,2,2,0,0,0,2
670,2,1,0,0,0,0
671,3,2,0,0,0,0
672,5,2,0,0,0,0
673,4,2,0,0,1,0
674,3,0,0,0,1,0
675,3,1,0,0,2,0
676,3,1,0,1,1,0
677,3,3,0,1,2,1
678,3,1,0,0,2,1
679,3,1,0,0,2,0
680,3,1,0,1,2,0
681,3,2,0,2,0,0
682,3,2,0,3,0,0
683,3,2,0,1,0,0
684,3,2,0,2,0,0
685,3,2,0,1,0,0
686,3,3,0,1,0,0
687,3,1,0,1,0,0
688,3,2,0,0,0,0
689,3,2,0,0,0,0
690,2,0,0,0,0,0
691,3,2,0,0,0,0
692,4,2,0,0,0,0
693,2,2,0,0,0,0
694,2,2,0,0,0,0
695,1,2,0,0,0,0
696,2,2,0,1,0,0
697,3,2,0,0,0,0
698,3,3,0,1,1,0
699,3,3,0,0,1,0
700,3,2,0,1,1,0
701,2,1,0,1,1,1
702,2,1,0,0,0,0
703,5,2,0,0,0,0
704,4,1,0,1,0,0
705,3,2,0,0,0,0
706,2,3,0,0,0,1
707,4,2,0,0,0,2
708,1,2,0,1,0,2
709,4,1,0,1,0,1
710,4,2,0,1,0,0
711,4,1,0,1,0,0
712,4,1,0,0,1,0
713,4,1,0,1,1,0
714,4,3,0,1,1,0
715,3,3,0,1,2,0
716,3,2,0,1,2,0
717,3,3,0,0,2,0
718,4,1,0,0,2,0
719,5,1,0,0,0,0
720,3,2,0,0,1,0
721,2,2,0,2,1,0
722,3,1,0,1,1,0
723,2,1,0,2,1,0
724,3,3,0,0,0,0
725,4,3,0,2,0,0
726,4,3,0,1,0,0
727,4,1,0,2,0,0
728,3,2,0,2,1,0
729,1,2,0,1,0,0
730,3,3,0,0,0,0
731,4,4,0,0,0,0
732,4,2,0,1,0,0
733,4,2,0,1,1,0
734,4,3,0,1,0,0
735,4,3,0,2,0,1
736,3,2,0,0,0,0
737,4,2,0,0,0,0
738,5,2,0,2,0,0
739,5,1,0,2,0,0
740,4,3,0,2,1,0
741,5,2,0,1,2,0
742,6,1,0,2,1,0
743,5,2,0,2,1,0
744,5,2,0,2,1,0
745,3,1,0,2,1,0
746,4,1,0,2,0,0
747,4,1,0,2,0,0
748,4,1,0,1,0,0
749,3,2,0,0,0,0
750,3,2,0,0,0,1
751,2,1,0,0,0,0
752,4,1,0,0,0,0
753,5,0,0,0,0,0
754,5,3,0,0,0,0
755,4,1,0,0,0,0
756,3,2,0,0,0,0
757,3,3,0,0,0,0
758,3,2,0,0,1,0
759,2,1,0,0,1,0
760,3,1,0,0,1,0
761,4,3,0,1,0,0
762,3,2,0,2,0,0
763,3,1,0,1,2,0
764,3,1,0,0,1,0
765,2,1,0,2,1,0
766,2,2,0,1,0,0
767,4,2,0,1,0,0
768,3,1,0,2,0,0
769,5,2,0,2,0,0
770,4,1,0,1,0,0
771,4,1,0,2,0,0
772,4,1,0,2,0,1
773,1,1,0,1,0,1
774,2,3,0,2,0,2
775,2,2,0,1,0,0
776,3,3,0,2,0,1
777,2,2,0,1,0,0
778,2,4,0,0,1,2
779,3,1,0,1,2,0
780,4,1,0,1,2,0
781,4,1,0,1,2,0
782,2,1,0,2,0,0
783,4,1,0,1,0,1
784,3,2,0,2,0,0
785,5,1,0,2,0,0
786,4,2,0,1,0,0
787,4,1,0,2,0,0
788,3,1,0,1,0,0
789,4,1,0,1,0,0
790,3,1,0,1,0,0
791,6,2,0,1,0,0
792,5,3,0,1,0,0
793,3,1,0,1,0,0
794,4,1,0,2,0,0
795,3,1,0,1,0,0
796,4,1,0,1,0,0
797,4,1,0,2,0,0
798,3,1,0,2,0,0
799,5,0,0,1,0,0
800,4,1,0,2,0,0
801,3,2,0,2,0,0
802,2,3,0,1,0,0
803,2,3,0,1,2,0
804,3,3,0,1,2,0
805,2,2,0,0,2,0
806,4,3,0,0,2,0
807,6,3,0,1,0,1
808,4,4,0,1,0,1
809,3,4,0,2,1,0
810,4,4,0,1,1,0
811,4,3,0,0,1,0
812,4,3,0,0,0,0
813,4,4,0,1,0,0
814,4,5,0,0,0,0
815,4,4,0,0,0,0
816,4,1,0,1,0,0
817,4,2,0,0,0,0
818,3,3,0,1,0,0
819,3,2,0,1,0,0
820,4,3,0,2,0,0
821,3,2,0,1,0,0
822,5,2,0,1,0,0
823,2,2,0,0,0,0
824,0,3,0,0,0,0
825,4,3,0,1,0,0
826,4,3,0,2,0,0
827,4,4,0,1,0,0
828,5,3,0,0,0,0
829,5,3,0,0,0,0
830,5,3,0,0,0,1
831,3,3,1,1,0,1
832,4,4,0,1,0,0
833,4,4,0,1,0,0
834,4,3,0,1,0,0
835,4,4,0,1,0,0
836,4,1,0,0,0,0
837,4,3,1,0,0,0
838,3,5,0,0,0,0
839,2,4,0,0,0,0
840,3,2,0,0,1,0
841,3,5,0,0,1,0
842,3,4,0,0,1,0
843,4,3,0,0,0,1
844,2,4,0,0,0,1
845,4,3,0,0,0,2
846,4,3,0,1,0,1
847,3,5,0,1,1,1
848,3,3,0,1,2,0
849,4,3,0,1,1,0
850,4,4,0,1,1,0
851,4,4,0,0,2,0
852,5,3,0,0,0,0
853,2,3,0,0,0,0
854,3,3,0,0,0,0
855,3,4,0,0,0,0
856,5,4,0,0,0,0
857,5,4,0,0,0,0
858,4,2,0,1,1,0
859,5,3,0,1,1,0
860,6,2,1,2,2,0
861,4,3,0,0,2,0
862,4,3,0,0,2,0
863,4,3,0,0,1,0
864,4,3,0,0,0,0
865,4,3,0,0,1,0
866,5,3,0,0,1,0
867,4,2,0,1,1,0
868,3,3,0,1,1,0
869,4,3,0,1,1,1
870,4,3,0,0,1,2
871,4,3,0,1,1,2
872,4,6,0,0,1,2
873,4,4,0,1,2,1
874,5,4,0,1,2,0
875,5,5,0,1,0,0
876,5,4,0,2,0,0
877,4,2,0,0,0,0
878,5,4,0,0,0,0
879,4,2,0,0,0,0
880,4,3,0,0,0,0
881,3,3,0,0,0,0
882,3,4,0,1,0,0
883,4,3,0,1,0,0
884,4,4,0,1,0,0
885,5,3,0,0,0,0
886,4,3,0,0,0,1
887,5,4,0,0,0,0
888,4,3,0,1,0,0
889,5,3,0,0,0,0
890,5,3,0,0,0,0
891,4,4,0,1,0,0
892,4,2,0,1,0,0
893,3,3,0,1,0,0
894,3,3,0,1,0,0
895,2,3,0,0,2,0
896,4,2,0,0,0,0
897,5,2,1,0,0,0
898,3,1,0,0,0,0
899,4,2,0,0,0,1
900,4,2,0,1,0,1
901,3,2,0,0,0,0
902,3,3,0,0,0,0
903,2,2,0,0,0,0
904,4,2,0,0,1,0
905,3,2,0,1,1,0
906,2,4,0,1,1,1
907,3,2,0,0,1,2
908,4,2,0,0,0,3
909,3,2,0,0,0,1
910,4,1,0,1,0,2
911,4,2,0,1,0,1
912,4,2,0,0,0,1
913,3,2,0,2,0,1
914,5,2,0,1,0,1
915,5,2,0,1,0,1
916,4,1,0,2,0,2
917,3,1,0,0,0,2
918,4,2,0,0,0,1
919,4,3,0,0,0,0
920,5,2,0,0,0,0
921,5,1,0,0,0,0
922,4,1,0,1,0,0
923,6,1,0,1,0,0
924,4,1,0,1,0,0
925,6,1,0,2,0,0
926,4,2,0,0,0,0
927,3,2,0,0,0,0
928,5,3,0,0,0,0
929,4,2,0,0,0,0
930,5,2,0,1,0,0
931,5,2,0,0,0,0
932,5,2,0,0,0,0
933,5,2,0,0,0,0
934,5,2,0,0,0,0
935,5,2,0,0,0,0
936,5,1,0,1,0,0
937,6,2,0,0,0,0
938,6,2,0,1,0,0
939,5,2,0,0,0,0
940,5,1,0,0,0,0
941,5,2,0,0,0,0
942,4,2,0,0,0,0
943,5,2,0,1,0,0
944,3,3,0,1,0,0
945,5,2,0,2,0,1
946,4,2,0,1,1,2
947,4,2,0,1,0,1
948,3,2,0,1,0,0
949,3,2,0,0,0,0
950,4,2,0,0,0,0
951,4,2,0,0,0,0
952,4,2,0,0,0,0
953,3,4,0,1,0,0
954,3,3,0,1,0,0
955,4,2,0,1,0,0
956,4,2,0,0,0,0
957,3,3,0,1,0,0
958,3,1,0,0,0,0
959,3,2,0,0,2,0
960,3,2,0,0,3,0
961,4,3,0,0,3,0
962,5,2,0,1,2,0
963,5,0,0,1,1,0
964,2,2,0,1,1,0
965,5,1,0,2,1,0
966,5,2,0,0,1,0
967,5,2,0,0,0,0
968,5,2,0,0,0,0
969,3,3,0,1,1,0
970,3,3,1,0,1,0
971,4,2,2,0,1,0
972,5,3,2,0,0,0
973,4,2,1,0,1,0
974,4,3,1,1,1,0
975,5,2,1,0,1,0
976,3,3,1,0,1,0
977,3,2,1,0,1,0
978,5,2,0,1,0,0
979,4,2,0,0,1,0
980,5,2,0,0,1,0
981,4,2,0,0,0,0
982,4,2,0,0,0,0
983,4,3,0,0,0,0
984,4,2,0,0,0,0
985,3,3,0,0,0,0
986,3,2,0,0,0,0
987,3,2,0,0,1,0
988,3,2,0,1,1,0
989,3,2,0,1,1,0
990,2,2,0,1,1,0
991,2,2,0,1,1,0
992,2,2,0,0,0,0
993,2,2,0,0,1,0
994,2,3,0,1,1,0
995,3,2,0,2,0,0
996,3,2,0,1,1,0
997,2,2,0,1,0,1
998,2,3,0,2,0,1
999,3,2,0,1,0,1
1000,2,3,0,1,0,1
1001,2,3,0,1,0,1
1002,2,3,0,0,0,1
1003,2,2,0,2,0,1
1004,3,2,0,1,0,2
1005,1,2,0,1,0,2
1006,5,2,0,0,0,2
1007,4,2,0,1,1,1
1008,3,3,0,0,1,1
1009,4,3,0,1,0,2
1010,4,5,0,0,0,0
1011,3,2,0,0,0,1
1012,4,1,0,0,0,1
1013,3,2,0,0,0,1
1014,3,2,0,1,0,2
1015,3,2,0,1,0,1
1016,4,2,0,2,0,2
1017,5,2,0,2,0,2
1018,4,2,0,1,0,1
1019,2,2,0,1,0,1
1020,3,2,0,0,0,1
1021,2,2,0,0,0,1
1022,3,2,0,0,0,0
1023,2,2,0,0,0,0
1024,2,2,0,0,0,0
1025,2,2,0,1,0,0
1026,3,2,0,1,0,0
1027,3,2,0,1,0,0
1028,2,2,0,0,0,0
1029,3,1,0,1,0,0
1030,2,3,0,0,1,0
1031,2,4,0,0,1,0
1032,2,3,0,0,1,0
1033,2,3,0,1,1,0
1034,3,2,0,0,1,0
1035,2,2,0,0,0,0
1036,3,2,0,0,1,0
1037,3,2,0,1,1,0
1038,2,3,0,1,1,0
1039,2,2,0,1,1,0
1040,2,2,0,4,1,0
1041,2,2,0,1,0,0
1042,3,2,0,0,0,0
1043,1,2,0,0,0,0
1044,2,3,0,0,0,1
1045,2,3,0,0,0,1
1046,3,2,0,0,0,1
1047,2,2,0,0,0,1
1048,2,2,0,1,0,1
1049,2,2,0,2,0,0
1050,0,3,0,0,0,0
1051,2,2,0,2,0,0
1052,2,2,0,1,0,0
1053,2,2,0,1,0,0
1054,3,2,0,2,0,0
1055,2,2,0,0,0,0
1056,2,2,0,0,0,0
1057,2,2,1,1,0,0
1058,3,3,0,2,0,1
1059,2,3,0,1,0,1
1060,2,2,0,1,0,1
1061,2,2,0,0,0,1
1062,2,2,0,1,0,2
1063,2,3,0,1,0,1
1064,2,2,0,2,0,0
1065,2,2,0,0,0,0
1066,3,2,0,1,0,0
1067,2,3,0,0,0,0
1068,1,3,0,0,0,0
1069,2,2,0,0,0,0
1070,2,2,0,0,0,0
1071,2,3,0,1,1,0
1072,2,2,0,3,1,0
1073,2,2,0,2,0,0
1074,1,2,0,2,0,0
1075,3,3,0,0,0,0
1076,3,3,0,1,0,0
1077,2,3,0,0,0,0
1078,2,3,0,0,0,0
1079,3,2,0,0,0,0
1080,2,3,0,0,0,0
1081,4,2,0,0,0,1
1082,3,3,0,0,0,1
1083,2,3,0,0,0,0
1084,4,2,1,0,1,0
1085,4,2,0,0,1,0
1086,4,3,0,0,1,0
1087,3,2,0,0,0,0
1088,3,2,0,0,0,0
1089,5,3,0,0,1,0
1090,4,3,0,0,1,0
1091,5,3,0,0,0,0
1092,4,4,1,0,0,0
1093,3,4,1,0,0,0
1094,4,2,1,0,0,0
1095,5,4,1,0,0,0
1096,5,4,1,0,0,0
1097,3,2,0,0,0,0
1098,4,3,0,0,0,0
1099,3,2,1,1,0,0
1100,5,3,0,1,0,0
1101,3,2,0,1,0,0
1102,3,2,0,0,0,0
1103,3,3,0,0,0,0
1104,3,3,0,0,0,0
1105,3,3,0,0,0,0
1106,3,1,0,0,0,0
1107,3,2,0,0,0,0
1108,2,2,0,0,0,0
1109,2,2,0,0,3,0
1110,3,2,1,0,1,0
1111,2,2,0,1,1,0
1112,2,4,0,1,2,0
1113,2,2,0,2,2,0
1114,2,2,0,1,1,0
1115,2,2,0,1,1,0
1116,3,2,0,1,1,0
1117,3,3,0,0,1,0
1118,3,1,0,0,1,0
1119,2,4,0,1,1,0
1120,2,3,0,1,0,0
1121,2,3,0,1,0,0
1122,2,2,1,0,0,0
1123,4,2,1,0,0,0
1124,3,2,1,0,0,0
1125,4,2,0,1,0,1
1126,3,3,0,1,0,4
1127,3,3,0,0,0,2
1128,3,3,0,0,0,2
1129,4,1,0,0,0,0
1130,3,2,0,1,0,1
1131,4,2,0,1,0,2
1132,2,2,0,1,0,2
1133,3,2,0,2,0,0
1134,3,2,0,1,0,0
1135,2,2,1,1,0,0
1136,1,2,0,0,0,0
1137,0,2,0,0,0,0
1138,1,2,0,0,0,0
1139,1,2,1,0,0,1
1140,3,2,1,0,0,1
1141,1,2,0,0,0,0
1142,2,2,0,0,0,0
1143,4,2,0,0,0,0
1144,3,2,0,0,1,0
1145,2,3,0,1,1,0
1146,3,2,0,1,1,0
1147,1,3,0,0,1,0
1148,4,2,0,0,2,0
1149,3,1,0,0,1,0
1150,4,1,0,0,1,0
1151,4,3,0,0,2,0
1152,4,3,0,0,0,0
1153,3,2,0,0,0,0
1154,4,2,0,0,0,0
1155,4,3,0,1,0,0
1156,5,1,0,1,0,2
1157,3,2,0,0,0,1
1158,4,4,0,2,0,0
1159,4,2,0,1,0,0
1160,4,2,0,0,0,0
1161,4,2,0,1,0,0
1162,7,2,0,1,0,0
1163,4,2,0,0,0,0
1164,3,2,0,0,0,0
1165,2,2,0,0,2,0
1166,2,2,0,0,2,0
1167,3,2,0,0,2,0
1168,3,2,0,1,1,0
1169,3,2,0,0,1,0
1170,2,2,0,1,1,0
1171,6,2,0,1,1,0
1172,3,2,0,2,0,0
1173,2,2,0,0,0,1
1174,5,2,0,0,0,1
1175,2,3,0,0,0,2
1176,3,2,0,0,0,1
1177,2,2,0,0,0,0
1178,3,2,1,0,0,0
1179,2,2,0,0,0,0
1180,5,2,0,0,0,0
1181,5,2,0,0,0,0
1182,2,2,0,0,0,0
1183,3,3,1,0,0,0
1184,2,3,0,0,0,0
1185,3,3,0,0,0,2
1186,3,2,1,0,0,1
1187,3,2,0,1,0,0
1188,3,2,0,1,0,0
1189,5,2,1,0,0,0
1190,2,2,0,0,1,1
1191,3,2,0,1,0,1
1192,3,2,1,0,0,1
1193,3,2,0,0,0,1
1194,3,2,0,0,0,0
1195,3,2,0,0,1,0
1196,3,2,0,0,1,0
1197,3,2,0,0,1,0
1198,3,2,0,0,2,0
1199,3,2,0,1,1,0
1200,3,2,0,1,1,0
1201,3,2,0,1,1,0
1202,3,2,0,0,2,1
1203,3,2,0,0,2,1
1204,3,2,0,0,1,0
1205,3,2,1,0,1,0
1206,3,3,1,0,2,0
1207,3,2,1,0,2,0
1208,3,2,1,0,2,0
1209,3,2,1,0,0,0
1210,3,2,0,0,0,0
1211,3,2,0,0,0,0
1212,3,3,0,0,0,0
1213,4,2,0,0,0,0
1214,3,2,0,0,0,0
1215,3,2,0,0,0,0
1216,3,2,0,0,0,0
1217,3,2,0,0,0,0
1218,5,2,0,0,0,0
1219,3,2,0,0,0,0
1220,6,2,0,1,0,1
1221,5,2,0,0,0,0
1222,4,2,0,0,0,0
1223,3,2,0,0,0,0
1224,3,2,0,0,0,0
1225,3,2,0,0,0,0
1226,3,3,0,0,0,0
1227,3,3,0,0,0,0
1228,4,2,0,1,0,0
1229,3,3,0,0,0,0
1230,3,4,0,1,0,0
1231,3,1,0,0,0,0
1232,5,2,0,1,0,0
1233,3,1,0,0,0,0
1234,3,1,0,0,0,0
1235,4,2,0,1,1,0
1236,3,2,0,0,1,0
1237,2,3,0,0,0,0
1238,4,1,0,0,0,0
1239,3,2,0,0,0,0
1240,3,2,0,1,0,0
1241,4,2,0,1,1,0
1242,3,1,0,2,0,0
1243,4,2,0,1,0,0
1244,3,3,0,2,0,0
1245,3,2,0,0,0,0
1246,3,2,0,0,0,0
1247,3,2,0,0,0,0
1248,1,2,0,0,0,0
1249,2,3,0,0,0,0
1250,2,3,0,0,0,0
1251,2,3,0,0,0,0
1252,1,3,0,0,0,0
1253,2,3,0,0,0,0
1254,1,3,0,0,0,0
1255,1,2,0,0,0,0
1256,2,1,1,0,1,0
1257,3,2,0,0,0,0
1258,2,2,0,1,0,0
1259,3,2,0,1,0,0
1260,2,2,0,1,0,0
1261,2,2,0,0,0,0
1262,2,3,0,0,0,0
1263,1,3,0,0,0,0
1264,1,2,0,0,0,0
1265,1,1,0,0,1,0
1266,1,1,0,0,1,0
1267,1,1,0,2,0,0
1268,3,1,0,1,0,0
1269,3,1,0,1,0,0
1270,3,2,0,2,0,0
1271,3,2,0,0,0,0
1272,2,1,0,0,0,0
1273,2,1,0,0,0,0
1274,2,1,0,0,0,0
1275,0,1,0,0,1,0
1276,0,3,0,2,1,0
1277,1,2,0,1,1,0
1278,1,2,0,1,2,0
1279,0,2,0,1,2,0
1280,0,3,0,0,1,0
1281,0,2,0,0,1,0
1282,0,1,0,0,0,0
1283,1,1,0,0,0,0
1284,0,1,0,0,0,0
1285,0,2,0,0,0,0
1286,0,2,0,0,0,0
1287,0,1,0,1,0,1
1288,0,1,0,2,0,0
1289,0,2,0,1,0,0
1290,0,2,0,1,0,1
1291,0,2,0,0,0,0
1292,0,1,0,0,0,0
1293,0,1,0,0,0,0
1294,0,2,0,1,1,0
1295,1,2,0,1,1,0
1296,0,2,0,0,0,0
1297,1,2,0,0,1,0
1298,1,2,0,0,0,0
1299,1,2,0,0,0,0
1300,1,2,2,0,0,0
1301,1,2,0,0,2,0
1302,1,2,0,0,0,0
1303,1,2,0,0,1,0
1304,1,2,0,1,1,0
1305,2,1,0,0,0,0
1306,2,2,0,1,0,0
1307,1,1,0,0,0,1
1308,1,2,0,0,0,2
1309,2,2,0,0,0,1
1310,2,1,0,0,0,0
1311,2,2,0,0,0,0
1312,2,2,0,2,0,0
1313,2,4,0,1,0,0
1314,2,1,0,2,0,0
1315,2,1,0,1,0,1
1316,2,4,0,1,0,1
1317,3,3,0,0,0,0
1318,2,1,0,1,0,1
1319,2,1,0,1,0,1
1320,2,1,0,2,1,1
1321,2,2,0,0,1,0
1322,2,2,0,2,1,0
1323,2,2,0,0,1,0
1324,2,1,0,0,1,1
1325,2,3,0,0,0,2
1326,2,3,0,0,0,1
1327,2,1,0,0,0,1
1328,2,1,0,1,0,1
1329,2,2,0,1,0,1
1330,2,2,0,1,0,0
1331,3,2,0,1,0,0
1332,1,1,0,1,0,0
1333,2,2,0,1,0,0
1334,2,2,0,1,0,1
1335,2,1,0,0,0,1
1336,3,2,0,0,0,2
1337,2,2,0,0,0,2
1338,3,3,0,0,0,3
1339,2,1,0,0,1,2
1340,2,2,0,0,0,0
1341,2,1,0,1,0,0
1342,2,1,0,0,0,0
1343,2,1,0,2,0,0
1344,2,2,0,2,0,0
1345,2,2,0,1,0,0
1346,2,2,0,1,0,0
1347,2,3,0,2,0,0
1348,2,2,0,0,0,0
1349,2,3,0,0,0,0
1350,2,2,0,0,0,1
1351,2,2,0,0,0,1
1352,2,3,0,0,0,2
1353,2,2,0,0,0,0
1354,2,3,0,0,0,2
1355,2,3,0,0,0,1
1356,2,3,0,0,0,0
1357,2,4,0,0,0,0
1358,2,3,0,0,0,0
1359,1,3,0,0,1,0
1360,1,3,0,0,2,0
1361,1,3,0,0,1,0
1362,1,4,0,0,0,1
1363,1,3,0,0,0,1
1364,1,3,0,0,0,2
1365,1,3,0,0,0,1
1366,1,3,0,0,0,1
1367,1,2,0,0,0,2
1368,1,3,0,0,0,2
1369,1,4,0,0,0,1
1370,1,4,0,0,0,1
1371,1,3,0,0,0,1
1372,1,3,0,0,0,0
1373,1,2,0,0,0,0
1374,1,3,0,0,0,0
1375,3,3,0,1,0,1
1376,3,2,0,1,0,2
1377,1,2,0,0,0,3
1378,1,2,0,0,0,1
1379,1,2,0,1,0,2
1380,1,2,0,1,0,4
1381,1,2,0,2,0,2
1382,1,2,0,1,0,2
1383,1,1,1,0,0,0
1384,1,1,0,2,0,0
1385,3,2,0,0,1,0
1386,4,2,0,0,1,0
1387,2,2,0,0,0,1
1388,1,2,0,0,0,1
1389,1,2,0,0,0,1
1390,1,2,0,0,0,1
1391,0,2,0,1,0,1
1392,1,1,1,1,0,1
1393,1,2,0,0,0,2
1394,2,2,1,1,0,1
1395,1,2,2,1,0,0
1396,0,2,0,0,0,0
1397,0,3,0,1,0,0
1398,0,3,0,0,0,0
1399,0,5,0,0,0,0
1400,0,2,0,1,0,0
1401,0,4,0,0,0,0
1402,0,2,0,1,0,0
1403,0,3,0,1,0,0
1404,1,5,0,1,0,0
1405,0,2,0,1,0,0
1406,1,4,0,0,0,0
1407,1,3,0,0,0,0
1408,1,4,0,0,0,0
1409,2,3,0,0,0,0
1410,1,5,0,1,0,0
1411,1,4,0,1,0,0
1412,1,5,0,1,0,1
1413,1,3,0,1,0,2
1414,1,2,0,2,0,1
1415,0,4,0,1,0,1
1416,1,3,0,0,0,2
1417,2,3,0,0,0,1
1418,3,3,0,0,0,2
1419,1,3,0,0,0,0
1420,0,4,0,1,0,0
1421,0,5,0,0,0,0
1422,0,3,0,0,1,0
1423,1,3,0,0,1,0
1424,1,3,0,0,1,0
1425,1,4,0,0,1,0
1426,1,3,0,0,1,0
1427,1,4,0,0,1,1
1428,3,3,0,1,1,0
1429,2,2,0,1,1,0
1430,1,2,0,1,0,0
1431,1,4,0,1,0,0
1432,1,3,0,1,0,0
1433,4,2,0,0,0,0
1434,1,4,0,0,0,0
1435,1,2,0,0,0,0
1436,1,3,0,1,0,0
1437,1,4,0,0,0,0
1438,1,3,0,0,0,0
1439,1,3,1,0,0,0
1440,2,3,1,0,0,1
1441,1,3,0,0,0,1
1442,1,2,0,0,1,1
1443,1,3,1,0,1,1
1444,1,2,0,1,1,1
1445,2,2,0,1,0,3
1446,2,4,0,1,0,1
1447,1,3,0,1,0,1
1448,1,2,0,0,0,1
1449,1,3,0,1,0,1
1450,2,3,0,1,1,1
1451,2,2,1,0,1,1
1452,3,1,0,1,1,1
1453,2,1,0,2,2,0
1454,2,4,0,1,1,0
1455,0,1,0,1,0,1
1456,1,2,0,1,1,0
1457,1,3,0,1,1,0
1458,2,3,0,0,1,0
1459,2,1,0,0,1,0
1460,1,2,0,0,1,0
1461,2,2,2,0,0,0
1462,2,2,0,0,0,0
1463,1,2,0,0,1,1
1464,1,3,0,0,0,2
1465,1,2,0,0,0,2
1466,1,2,1,1,0,0
1467,1,2,0,2,0,0
1468,1,1,0,2,0,0
1469,1,2,1,0,2,0
1470,2,2,0,0,0,0
1471,3,2,1,1,0,0
1472,2,3,1,0,0,0
1473,1,2,2,0,0,1
1474,1,2,1,0,0,1
1475,1,1,0,0,1,0
1476,1,2,0,0,1,0
1477,1,1,1,0,0,0
1478,1,1,0,0,0,0
1479,1,2,0,1,1,0
1480,1,2,0,0,0,0
1481,1,2,0,1,0,0
1482,1,2,0,1,0,0
1483,1,1,0,2,0,0
1484,1,2,0,2,0,0
1485,1,2,0,2,0,0
1486,1,2,0,0,0,0
1487,1,2,0,0,0,0
1488,1,2,0,0,0,0
1489,1,3,0,1,0,0
1490,1,2,0,0,0,0
1491,1,1,0,1,0,0
1492,1,2,0,0,0,0
1493,2,2,0,0,0,0
1494,1,2,0,0,0,0
1495,1,2,0,0,0,0
1496,0,2,0,0,0,0
1497,0,2,0,1,0,0
1498,1,2,0,2,0,0
1499,1,2,0,1,1,0
1500,1,1,0,1,1,0
1501,1,2,0,0,1,0
1502,1,1,0,0,0,0
1503,2,2,0,0,0,0
1504,1,2,0,1,0,2
1505,1,1,0,2,0,0
1506,1,2,0,2,0,0
1507,1,2,0,1,1,0
1508,1,4,0,0,0,0
1509,1,3,0,0,0,0
1510,1,2,0,0,2,0
1511,0,2,0,0,1,0
1512,0,2,0,1,1,0
1513,0,1,0,1,1,0
1514,0,3,0,2,2,0
1515,1,2,0,0,1,1
1516,1,1,0,0,1,1
1517,1,2,0,0,1,1
1518,1,1,0,1,0,0
1519,1,1,0,1,0,0
1520,1,2,0,0,0,0
1521,1,2,0,0,0,1
1522,1,1,0,0,0,0
1523,0,3,0,0,0,0
1524,1,2,0,0,0,0
1525,0,3,0,0,0,1
1526,0,4,0,0,0,0
1527,1,2,0,0,0,0
1528,1,2,1,2,0,0
1529,1,1,0,2,0,1
1530,1,1,0,1,0,1
1531,1,2,0,1,0,0
1532,1,1,0,0,1,0
1533,1,1,0,0,2,1
1534,1,3,0,0,2,1
1535,1,3,0,0,2,0
1536,1,3,0,0,2,0
1537,2,2,0,1,1,0
1538,1,3,0,0,0,0
1539,1,3,0,0,0,1
1540,1,1,0,1,0,1
1541,1,3,0,1,0,0
1542,1,2,0,0,0,0
1543,1,1,0,1,0,0
1544,1,2,0,0,0,0
1545,2,2,0,0,1,0
1546,1,1,0,0,1,0
1547,0,1,0,1,0,0
1548,1,0,0,1,0,0
1549,1,1,0,1,0,0
1550,1,2,0,1,0,0
1551,1,2,0,1,0,0
1552,1,2,0,2,0,0
1553,1,2,0,2,2,0
1554,1,1,0,1,2,0
1555,1,2,0,0,2,0
1556,1,2,0,1,2,0
1557,1,2,0,0,2,0
1558,1,1,0,0,1,0
1559,2,3,0,2,0,0
1560,2,2,0,0,1,0
1561,1,2,0,0,0,0
1562,1,2,0,0,0,0
1563,0,2,0,1,0,2
1564,0,3,0,0,0,2
1565,0,3,0,2,0,1
1566,0,2,0,1,0,1
1567,0,2,0,1,0,3
1568,1,2,0,1,0,1
1569,0,2,1,3,0,1
1570,0,2,3,0,0,0
1571,0,2,1,0,0,0
1572,0,1,1,0,0,0
1573,1,1,1,0,0,0
1574,2,2,1,0,1,0
1575,2,2,2,0,0,0
1576,1,2,1,0,0,0
1577,2,2,1,0,0,1
1578,2,2,1,0,0,2
1579,2,2,1,1,0,2
1580,2,2,1,0,0,1
1581,2,1,0,0,0,1
1582,2,1,1,0,0,1
1583,2,1,1,1,2,0
1584,0,1,1,0,2,0
1585,1,2,1,0,2,0
1586,1,2,1,1,1,0
1587,0,1,1,0,0,0
1588,0,1,1,0,0,0
1589,1,1,0,0,1,0
1590,1,1,0,0,1,0
1591,0,1,0,0,1,0
1592,1,2,0,0,0,0
1593,0,3,0,0,0,0
1594,0,2,0,1,0,0
1595,1,2,0,0,0,0
1596,1,2,0,0,0,0
1597,2,3,0,0,0,0
1598,2,2,0,0,0,0
1599,4,2,0,0,0,0
1600,4,2,0,0,1,0
1601,4,2,0,1,0,0
1602,4,3,0,1,0,0
1603,3,3,0,2,0,0
1604,4,3,0,1,0,0
1605,3,3,0,1,0,1
1606,3,1,0,1,0,0
1607,3,2,0,1,2,0
1608,3,2,0,0,0,0
1609,4,2,1,1,0,0
1610,4,2,0,1,0,0
1611,4,2,0,1,0,0
1612,4,2,1,1,1,1
1613,4,2,1,1,2,2
1614,6,2,0,0,1,0
1615,5,2,1,0,1,1
1616,5,2,0,1,1,1
1617,6,2,0,2,1,1
1618,4,2,0,1,1,0
1619,4,2,0,0,0,0
1620,4,4,0,1,0,0
1621,4,2,0,0,2,0
1622,4,3,0,1,1,0
1623,5,2,0,0,3,0
1624,3,3,0,0,3,0
1625,4,3,0,0,2,0
1626,3,2,0,1,3,0
1627,4,2,0,2,2,0
1628,3,2,0,1,3,0
1629,4,3,0,1,1,0
1630,3,3,0,0,2,0
1631,3,4,0,1,2,0
1632,3,3,0,2,1,0
1633,3,3,0,0,1,0
1634,3,2,0,0,1,0
1635,4,2,0,0,1,1
1636,4,1,0,1,1,1
1637,4,1,0,1,0,0
1638,4,1,0,1,0,1
1639,4,1,0,0,0,0
1640,4,2,0,0,0,0
1641,4,3,0,1,0,1
1642,4,2,0,0,0,0
1643,4,2,0,1,0,0
1644,4,2,0,2,1,1
1645,4,3,0,1,1,1
1646,4,3,0,1,0,0
1647,4,3,0,0,0,0
1648,4,2,0,1,1,0
1649,4,2,0,0,0,0
1650,4,2,0,0,2,0
1651,5,5,0,0,0,1
1652,4,1,0,0,0,1
1653,5,2,0,0,0,0
1654,4,2,0,0,0,0
1655,4,3,0,0,0,1
1656,5,4,0,1,1,1
1657,4,3,0,0,0,1
1658,4,2,0,0,0,0
1659,5,3,0,1,2,0
1660,5,3,0,1,2,0
1661,3,3,0,1,2,0
1662,4,2,0,1,1,0
1663,3,4,0,0,3,0
1664,5,3,0,0,1,1
1665,4,3,0,1,1,3
1666,4,2,0,1,1,0
1667,4,2,0,0,1,1
1668,3,3,0,0,0,2
1669,4,2,0,0,0,1
1670,4,2,0,0,0,0
1671,4,3,0,0,0,1
1672,4,1,1,0,0,0
1673,4,2,0,0,0,2
1674,3,2,0,0,0,1
1675,1,3,0,1,0,1
1676,1,3,0,0,0,1
1677,0,4,0,0,0,2
1678,0,3,0,0,0,2
1679,1,5,0,1,1,0
1680,0,3,0,0,2,0
1681,1,3,0,0,2,1
1682,1,1,0,2,2,1
1683,1,2,0,1,1,1
1684,1,2,0,2,0,0
1685,0,2,0,0,0,0
1686,0,2,0,0,0,0
1687,0,2,0,0,0,0
1688,0,2,0,0,0,0
1689,0,2,0,0,0,0
1690,0,1,0,0,0,0
1691,0,4,0,0,0,0
1692,0,3,0,0,0,1
1693,0,1,0,0,0,0
1694,2,2,0,0,0,0
1695,1,1,0,0,0,0
1696,1,3,0,0,0,0
1697,1,2,0,0,0,0
1698,1,2,0,0,0,0
1699,1,2,1,0,0,0
1700,1,2,0,0,0,0
1701,1,2,0,0,0,0
1702,1,2,0,0,0,0
1703,1,2,1,0,0,0
1704,2,2,0,0,0,0
1705,1,2,0,0,0,0
1706,2,2,0,0,0,0
1707,3,2,0,0,0,0
1708,3,2,0,0,0,0
1709,3,2,0,0,2,0
1710,3,3,1,0,1,0
1711,2,4,0,1,2,0
1712,2,3,0,1,0,0
1713,2,3,0,0,0,0
1714,4,4,0,0,0,0
1715,4,3,0,0,0,0
1716,3,3,0,0,0,0
1717,3,3,0,0,0,0
1718,3,2,0,1,0,0
1719,2,2,0,1,0,0
1720,3,2,0,2,0,0
1721,2,2,0,2,0,0
1722,4,1,0,2,0,0
1723,5,3,0,0,0,0
1724,5,2,0,0,0,0
1725,4,1,0,0,0,0
1726,4,2,0,1,0,0
1727,3,1,0,1,0,1
1728,3,2,0,1,0,3
1729,3,2,0,1,0,2
1730,3,4,0,0,0,1
1731,4,2,0,0,0,0
1732,4,2,0,0,0,0
1733,4,3,0,0,0,0
1734,3,3,0,0,0,0
1735,3,3,0,0,0,0
1736,3,1,0,1,0,0
1737,1,3,0,1,0,0
1738,2,2,0,1,0,0
1739,0,2,0,1,0,0
1740,0,2,0,0,0,0
1741,1,2,0,0,0,0
1742,2,3,0,1,0,0
1743,1,3,0,1,0,0
1744,1,1,0,1,0,0
1745,1,2,0,0,0,0
1746,1,2,0,0,0,0
1747,1,2,0,0,0,0
1748,1,3,0,0,0,0
1749,1,2,0,0,0,0
1750,1,3,0,1,0,0
1751,1,4,0,1,0,0
1752,1,4,0,0,0,0
1753,1,3,1,0,0,0
1754,2,1,0,0,0,0
1755,2,2,0,0,0,0
1756,1,2,0,0,0,0
1757,3,2,0,0,0,0
1758,4,2,0,0,0,0
1759,4,0,0,1,0,0
1760,3,2,0,0,0,0
1761,3,3,0,1,0,0
1762,2,3,0,1,0,0
1763,1,3,0,0,0,1
1764,1,3,0,0,0,0
1765,1,2,0,0,0,1
1766,1,2,0,0,0,0
1767,1,4,0,1,0,0
1768,1,2,0,0,0,0
1769,0,2,0,1,0,0
1770,1,1,0,0,0,0
1771,1,3,0,2,0,0
1772,1,2,0,1,0,0
1773,1,3,0,1,0,0
1774,2,3,0,1,0,0
1775,2,2,0,1,0,0
1776,1,1,0,1,0,0
1777,2,3,0,2,0,0
1778,3,4,0,2,0,0
1779,5,3,0,1,0,1
1780,1,3,0,1,0,2
1781,2,4,0,1,0,2
1782,1,1,0,0,0,4
1783,1,1,0,1,0,2
1784,1,3,0,1,0,3
1785,2,4,0,0,0,3
1786,1,4,0,1,0,2
1787,0,4,0,1,0,0
1788,0,3,0,2,0,1
1789,0,1,0,1,0,0
1790,0,2,0,1,0,1
1791,0,3,0,0,0,2
1792,0,2,0,1,0,1
1793,0,4,0,2,0,1
1794,1,2,0,0,0,1
1795,0,1,1,0,1,2
1796,1,0,1,0,1,2
1797,1,4,0,0,1,2
1798,1,5,0,0,1,2
1799,1,3,0,0,1,1
1800,1,4,0,0,2,0
1801,2,1,1,0,1,0
1802,2,3,0,0,0,0
1803,1,2,0,0,0,2
1804,1,4,0,0,0,2
1805,1,0,0,3,0,2
1806,2,1,0,1,0,0
1807,4,2,0,0,0,0
1808,3,1,0,0,0,0
1809,1,2,0,0,0,0
1810,2,2,0,0,0,0
1811,1,3,0,0,0,1
1812,2,1,0,0,0,1
1813,1,1,0,0,0,2
1814,1,1,0,0,0,1
1815,1,2,0,0,0,1
1816,1,3,0,0,0,1
1817,1,4,0,1,0,1
1818,1,0,0,0,0,1
1819,1,1,0,0,0,0
1820,1,1,0,0,1,0
1821,1,1,0,1,0,0
1822,1,1,0,0,0,0
1823,2,2,0,1,1,1
1824,1,1,0,1,1,1
1825,1,2,0,1,1,0
1826,1,1,0,1,0,0
1827,1,1,0,2,0,0
1828,1,2,0,2,0,0
1829,2,2,0,0,0,0
1830,1,3,0,0,0,0
1831,1,2,0,0,0,2
1832,1,1,0,1,1,3
1833,1,1,0,1,0,2
1834,1,1,0,1,0,2
1835,1,1,0,1,0,0
1836,1,2,0,1,0,0
1837,1,3,0,0,0,1
1838,1,3,0,0,0,1
1839,1,3,0,1,1,0
1840,1,3,0,0,1,0
1841,1,3,0,0,1,0
1842,1,1,0,1,1,0
1843,3,2,0,0,1,0
1844,2,2,0,0,1,0
1845,1,5,0,2,1,0
1846,1,3,0,0,1,0
1847,1,2,0,0,0,0
1848,3,2,0,2,2,0
1849,3,2,0,2,2,0
1850,1,2,0,1,2,0
1851,1,2,0,0,2,0
1852,1,3,0,1,2,0
1853,1,1,1,2,2,0
1854,1,1,0,1,2,0
1855,3,1,0,1,0,0
1856,2,1,0,1,1,0
1857,1,1,0,1,1,0
1858,2,3,0,0,0,0
1859,2,3,0,0,1,0
1860,2,1,0,1,2,0
1861,2,1,0,1,2,0
1862,1,1,0,1,1,1
1863,1,2,0,1,1,2
1864,2,1,0,1,1,2
1865,3,0,0,0,0,2
1866,2,0,0,1,0,2
1867,1,1,0,1,0,2
1868,2,0,0,1,0,1
1869,2,1,0,1,0,1
1870,3,1,0,0,0,0
1871,4,1,0,0,0,0
1872,3,3,0,0,0,0
1873,2,1,2,1,0,0
1874,2,3,0,1,0,0
1875,2,0,0,0,0,0
1876,2,1,2,0,1,0
1877,2,1,1,0,1,0
1878,3,1,0,0,1,0
1879,4,0,0,1,0,0
1880,5,1,0,1,0,0
1881,3,0,0,0,1,0
1882,2,1,0,0,1,0
1883,1,1,0,0,1,0
1884,3,2,0,1,0,0
1885,2,3,0,2,0,0
1886,2,3,0,1,0,0
1887,3,1,0,0,0,0
1888,2,2,0,1,0,0
1889,2,3,0,1,0,0
1890,2,3,0,1,0,0
1891,3,2,0,1,2,0
1892,3,3,0,0,1,0
1893,3,3,0,0,1,0
1894,4,2,0,0,1,0
1895,2,1,0,0,0,1
1896,2,1,0,0,0,1
1897,3,1,0,0,0,2
1898,3,1,0,2,0,1
1899,3,3,0,1,0,1
1900,3,1,0,3,0,1
1901,3,0,0,2,0,1
1902,3,0,0,1,0,0
1903,3,0,0,1,0,0
1904,3,0,0,1,0,0
1905,2,0,0,0,2,0
1906,3,1,0,0,2,0
1907,3,0,1,1,2,0
1908,3,0,0,1,2,0
1909,3,2,0,1,1,0
1910,2,3,0,1,2,1
1911,2,3,0,1,2,0
1912,2,1,0,0,0,0
1913,3,1,0,2,0,0
1914,2,0,0,2,0,0
1915,3,3,0,2,0,0
1916,2,1,0,2,1,0
1917,2,2,0,1,0,0
1918,2,1,0,0,0,0
1919,3,1,0,0,0,0
1920,4,3,0,0,0,0
1921,2,1,0,0,0,0
1922,2,0,0,0,0,0
1923,2,1,0,1,0,0
1924,2,0,0,1,0,0
1925,2,1,0,1,0,0
1926,4,1,0,0,0,0
1927,2,1,0,1,0,0
1928,2,1,0,1,0,0
1929,3,1,0,0,0,0
1930,2,3,0,1,0,0
1931,3,4,0,1,0,0
1932,2,3,0,2,0,0
1933,3,3,0,1,0,0
1934,3,2,0,0,0,0
1935,3,2,0,1,0,0
1936,3,2,0,0,1,0
1937,4,5,0,0,1,0
1938,3,4,0,1,1,0
1939,3,2,0,2,1,1
1940,4,4,0,1,1,3
1941,4,2,0,1,1,0
1942,3,1,0,0,1,0
1943,2,1,0,1,0,1
1944,2,3,0,0,0,0
1945,2,3,0,0,0,0
1946,2,4,0,0,0,1
1947,2,2,0,1,0,2
1948,1,5,0,0,0,2
1949,2,3,0,0,1,1
1950,1,3,0,0,0,1
1951,3,1,0,0,0,1
1952,2,1,0,0,0,1
1953,1,1,0,0,0,1
1954,2,0,0,0,0,1
1955,2,3,0,3,0,2
1956,2,2,0,1,0,1
1957,2,3,0,0,0,3
1958,2,5,0,0,0,0
1959,2,3,0,0,1,1
1960,1,3,0,0,1,1
1961,2,3,0,0,2,1
1962,2,2,0,0,1,0
1963,1,2,0,2,1,1
1964,1,2,0,2,0,2
1965,3,2,0,3,0,2
1966,3,2,0,2,0,1
1967,2,1,0,0,0,2
1968,1,1,0,0,0,4
1969,2,1,0,0,0,3
1970,2,3,0,1,0,2
1971,2,2,0,1,0,0
1972,1,1,0,4,0,1
1973,1,2,0,0,0,1
1974,1,2,0,0,0,1
1975,1,1,0,0,1,1
1976,1,3,0,0,1,1
1977,1,2,0,0,1,1
1978,0,2,0,1,1,1
1979,1,3,0,2,0,1
1980,0,3,0,2,0,1
1981,0,2,0,1,0,1
1982,0,2,0,1,0,1
1983,0,2,0,1,0,0
1984,1,2,0,0,1,1
1985,2,4,0,1,2,2
1986,0,2,0,1,1,3
1987,0,2,0,0,1,5
1988,0,2,0,0,1,2
1989,1,2,0,0,0,0
1990,1,2,0,0,0,1
1991,1,2,0,2,0,0
1992,1,3,0,2,0,1
1993,1,3,0,1,0,1
1994,2,2,0,1,0,2
1995,1,2,0,1,0,1
1996,1,2,0,0,0,1
1997,1,2,0,0,1,1
1998,0,2,0,0,0,1
1999,0,2,0,1,0,1
2000,0,2,0,2,0,1
